id,name,yearpublished,rank,bayesaverage,average,usersrated,is_expansion,abstracts_rank,cgs_rank,childrensgames_rank,familygames_rank,partygames_rank,strategygames_rank,thematic_rank,wargames_rank
224517,"Brass: Birmingham",2018,1,8.41335,8.59376,47124,0,,,,,,1,,
161936,"Pandemic Legacy: Season 1",2015,2,8.37698,8.52501,53898,0,,,,,,2,1,
174430,Gloomhaven,2017,3,8.3482,8.58381,62716,0,,,,,,4,2,
342942,"Ark Nova",2021,4,8.33633,8.53556,45124,0,,,,,,3,,
233078,"Twilight Imperium: Fourth Edition",2017,5,8.23761,8.59576,24242,0,,,,,,5,3,
316554,"Dune: Imperium",2020,6,8.2296,8.43407,46859,0,,,,,,6,,
167791,"Terraforming Mars",2016,7,8.20931,8.35629,100394,0,,,,,,7,,
115746,"War of the Ring: Second Edition",2011,8,8.18839,8.54305,21719,0,,,,,,,4,1
187645,"Star Wars: Rebellion",2016,9,8.16937,8.41763,32893,0,,,,,,,5,
291457,"Gloomhaven: Jaws of the Lion",2020,10,8.1587,8.42938,34978,0,,,,,,9,7,
162886,"Spirit Island",2017,11,8.14451,8.34421,52669,0,,,,,,10,,
220308,"Gaia Project",2017,12,8.10978,8.37273,27526,0,,,,,,8,,
12333,"Twilight Struggle",2005,13,8.06569,8.24512,49117,0,,,,,,14,,2
182028,"Through the Ages: A New Story of Civilization",2015,14,8.05453,8.28364,31975,0,,,,,,11,,
193738,"Great Western Trail",2016,15,8.02186,8.189,41171,0,,,,,,15,,
84876,"The Castles of Burgundy",2011,16,8.01603,8.14145,62933,0,,,,,,16,,
169786,Scythe,2016,17,7.98744,8.13861,84457,0,,,,,,21,,
246900,"Eclipse: Second Dawn for the Galaxy",2020,18,7.97954,8.45431,13980,0,,,,,,13,,
173346,"7 Wonders Duel",2015,19,7.97028,8.09486,95923,0,,,,,,22,,
28720,"Brass: Lancashire",2007,20,7.9633,8.19499,25146,0,,,,,,17,,
167355,Nemesis,2018,21,7.95274,8.26688,31175,0,,,,,,,12,
266507,"Clank! Legacy: Acquisitions Incorporated",2019,22,7.94591,8.53225,9581,0,,,,,,,8,
177736,"A Feast for Odin",2016,23,7.94345,8.17139,28958,0,,,,,,19,,
124361,Concordia,2013,24,7.94126,8.09235,40911,0,,,,,,20,,
341169,"Great Western Trail: Second Edition",2021,25,7.90655,8.33222,13190,0,,,,,,18,,
295770,Frosthaven,2022,26,7.90225,8.82828,7243,0,,,,,,12,6,
205637,"Arkham Horror: The Card Game",2016,27,7.90079,8.13011,43571,0,,1,,,,,13,
312484,"Lost Ruins of Arnak",2020,28,7.89562,8.07258,45244,0,,,,,,29,,
120677,"Terra Mystica",2012,29,7.89363,8.05969,48289,0,,,,,,26,,
266192,Wingspan,2019,30,7.89319,8.04241,94991,0,,,,2,,38,,
237182,Root,2018,31,7.88253,8.07172,52551,0,,,,,,32,,11
164928,Orléans,2014,32,7.87267,8.06045,31721,0,,,,,,28,,
192135,"Too Many Bones",2017,33,7.87001,8.34003,13768,0,,,,,,23,10,
96848,"Mage Knight Board Game",2011,34,7.85215,8.08445,33492,0,,,,,,33,15,
251247,Barrage,2019,35,7.84619,8.16094,18074,0,,,,,,24,,
199792,Everdell,2018,36,7.84436,8.02307,55940,0,,,,3,,42,,
324856,"The Crew: Mission Deep Sea",2021,37,7.84226,8.14062,18320,0,,,,1,,,,
183394,"Viticulture Essential Edition",2015,38,7.83678,7.98604,49331,0,,,,,,39,,
175914,"Food Chain Magnate",2015,39,7.79866,8.0566,20675,0,,,,,,34,,
285774,"Marvel Champions: The Card Game",2019,40,7.79722,8.12045,24047,0,,3,,,,,,
366013,"Heat: Pedal to the Metal",2022,41,7.79638,8.05706,24678,0,,,,4,,,,
256960,"Pax Pamir: Second Edition",2019,42,7.79316,8.18312,14422,0,,,,,,31,,
247763,"Underwater Cities",2018,43,7.784,8.05897,19940,0,,,,,,35,,
3076,"Puerto Rico",2002,44,7.77457,7.91448,71281,0,,,,,,47,,
521,Crokinole,1876,45,7.77007,8.0378,18323,0,,,,5,,,,
284378,"Kanban EV",2020,46,7.76878,8.42066,7883,0,,,,,,25,,
295947,Cascadia,2021,47,7.76729,7.94514,40278,0,1,,,6,,,,
102794,"Caverna: The Cave Farmers",2013,48,7.76164,7.94504,35049,0,,,,,,44,,
185343,Anachrony,2017,49,7.75624,8.07237,18915,0,,,,,,41,,
170216,"Blood Rage",2015,50,7.7531,7.92475,47594,0,,,,,,51,,
184267,"On Mars",2020,51,7.75193,8.18713,12865,0,,,,,,37,,
314040,"Pandemic Legacy: Season 0",2020,52,7.75185,8.39476,7839,0,,,,,,30,11,
31260,Agricola,2007,53,7.74594,7.87301,73136,0,,,,,,52,,
255984,"Sleeping Gods",2021,54,7.73743,8.19871,12461,0,,,,,,,16,
397598,"Dune: Imperium – Uprising",2023,55,7.73171,8.73087,5683,0,,,,,,27,,
161533,Lisboa,2017,56,7.72064,8.18866,11284,0,,,,,,40,,
221107,"Pandemic Legacy: Season 2",2017,57,7.71929,8.02979,17025,0,,,,,,46,19,
253344,"Cthulhu: Death May Die",2019,58,7.71632,8.18427,12852,0,,,,,,,17,
205059,"Mansions of Madness: Second Edition",2016,59,7.71052,7.94468,36764,0,,,,,,,21,
231733,Obsession,2018,60,7.70627,8.14255,12954,0,,,,,,45,20,
126163,"Tzolk'in: The Mayan Calendar",2012,61,7.70026,7.85753,39629,0,,,,,,55,,
2651,"Power Grid",2004,62,7.69773,7.8094,65832,0,,,,,,59,,
276025,Maracaibo,2019,63,7.69621,8.01209,16563,0,,,,,,48,,
182874,"Grand Austria Hotel",2015,64,7.69447,7.94747,21335,0,,,,,,50,,
251661,"Oathsworn: Into the Deepwood",2022,65,7.68777,8.96018,4978,0,,,,,,,9,
321608,"Hegemony: Lead Your Class to Victory",2023,66,7.68706,8.46822,6984,0,,,,,,36,,
244521,"The Quacks of Quedlinburg",2018,67,7.68135,7.82178,50667,0,,,,8,,,,
216132,"Clans of Caledonia",2017,68,7.68044,7.94172,20575,0,,,,,,54,,
35677,"Le Havre",2008,69,7.67828,7.84756,31908,0,,,,,,57,,
266810,"Paladins of the West Kingdom",2019,70,7.6776,7.97916,18074,0,,,,,,53,,
125153,"The Gallerist",2015,71,7.67533,8.02103,14814,0,,,,,,49,,
164153,"Star Wars: Imperial Assault",2014,72,7.6704,7.96367,24762,0,,,,,,,25,
124742,"Android: Netrunner",2012,73,7.65898,7.88377,30243,0,,4,,,,,,
209010,"Mechs vs. Minions",2016,74,7.65722,7.96822,17550,0,,,,,,60,22,
284083,"The Crew: The Quest for Planet Nine",2019,75,7.65654,7.79811,42337,0,,,,10,,,,
55690,"Kingdom Death: Monster",2015,76,7.64938,8.49331,9743,0,,,,,,,18,
200680,"Agricola (Revised Edition)",2016,77,7.64015,7.9577,18210,0,,,,,,61,,
373106,"Sky Team",2023,78,7.63608,8.1974,9241,0,,,,7,,,24,
230802,Azul,2017,79,7.63431,7.74436,92093,0,2,,,12,,,,
28143,"Race for the Galaxy",2007,80,7.63007,7.74408,55837,0,,,,,,72,,
157354,"Five Tribes: The Djinns of Naqala",2014,81,7.62305,7.77472,41797,0,,,,,,78,,
72125,"Eclipse: New Dawn for the Galaxy",2011,82,7.61519,7.83028,28465,0,,,,,,74,,
201808,"Clank!: A Deck-Building Adventure",2016,83,7.61423,7.77639,42807,0,,,,13,,85,,
191189,"Aeon's End",2016,84,7.61121,7.89742,21011,0,,,,,,77,,
159675,"Fields of Arle",2014,85,7.60421,8.02987,11142,0,,,,,,58,,
229853,"Teotihuacan: City of Gods",2018,86,7.59584,7.86374,20133,0,,,,,,68,,
317985,"Beyond the Sun",2020,87,7.59561,7.91932,14887,0,,,,,,62,,
110327,"Lords of Waterdeep",2012,88,7.59164,7.73305,55960,0,,,,,,89,,
25613,"Through the Ages: A Story of Civilization",2006,89,7.58963,7.84066,19444,0,,,,,,67,,
383179,"Age of Innovation",2023,90,7.57939,8.67774,4351,0,,,,,,43,,
62219,"Dominant Species",2010,91,7.57858,7.81487,21378,0,,,,,,76,,
93,"El Grande",1995,92,7.57853,7.75573,29348,0,,,,,,81,,
171623,"The Voyages of Marco Polo",2015,93,7.57197,7.78094,25035,0,,,,,,83,,
68448,"7 Wonders",2010,94,7.57058,7.68061,105414,0,,,,17,,104,,
121921,"Robinson Crusoe: Adventures on the Cursed Island",2012,95,7.57048,7.74153,43780,0,,,,,,,30,
279537,"The Search for Planet X",2020,96,7.5669,7.94696,12652,0,,,,,,73,,
256916,"Concordia Venus",2018,97,7.5592,8.29027,6057,0,,,,,,56,,
264220,"Tainted Grail: The Fall of Avalon",2019,98,7.54653,8.08904,12632,0,,,,,,,28,
225694,Decrypto,2018,99,7.54199,7.76908,23105,0,,,,,2,,,
155821,Inis,2016,100,7.54057,7.82683,20546,0,,,,,,91,,
37111,"Battlestar Galactica: The Board Game",2008,101,7.53893,7.73083,36633,0,,,,,,,32,
163068,"Trickerion: Legends of Illusion",2015,102,7.53784,7.97467,11089,0,,,,,,75,,
236457,"Architects of the West Kingdom",2018,103,7.53685,7.73158,29515,0,,,,,,94,,
332772,Revive,2022,104,7.53426,8.14384,7674,0,,,,,,63,,
291453,SCOUT,2019,105,7.53281,7.82354,16513,0,,,,15,,,,
366161,"Wingspan Asia",2022,106,7.53231,8.30447,6280,0,,,,9,,69,,
365717,"Clank!: Catacombs",2022,107,7.5308,8.27472,6377,0,,,,11,,65,,
310873,Carnegie,2022,108,7.52848,8.01813,9475,0,,,,,,71,,
122515,Keyflower,2012,109,7.52341,7.72439,23288,0,,,,,,90,,
170042,"Raiders of the North Sea",2015,110,7.52101,7.73659,24375,0,,,,,,98,,
42,"Tigris & Euphrates",1997,111,7.51719,7.70304,28820,0,,,,,,97,,
40834,"Dominion: Intrigue",2009,112,7.51531,7.69006,33791,0,,,,,,106,,
18602,Caylus,2005,113,7.51516,7.71509,29253,0,,,,,,96,,
203993,"Lorenzo il Magnifico",2016,114,7.51397,7.8496,13980,0,,,,,,87,,
271055,"Dwellings of Eldervale",2020,115,7.51379,8.16806,7414,0,,,,,,70,,
73439,Troyes,2010,116,7.5107,7.71459,23678,0,,,,,,93,,
146021,"Eldritch Horror",2013,117,7.50979,7.75212,36769,0,,,,,,,36,
172386,Mombasa,2015,118,7.50876,7.85131,13327,0,,,,,,86,,
269385,"The Lord of the Rings: Journeys in Middle-Earth",2019,119,7.50662,7.91653,16558,0,,,,,,,29,
322289,"Darwin's Journey",2023,120,7.50576,8.17875,6892,0,,,,,,66,,
364073,"Splendor Duel",2022,121,7.50258,7.92721,11684,0,,,,16,,92,,
180263,"The 7th Continent",2017,122,7.50002,7.80156,22382,0,,,,,,,33,
217372,"The Quest for El Dorado",2017,123,7.49511,7.68688,26325,0,,,,18,,,,
12493,"Twilight Imperium: Third Edition",2005,124,7.49452,7.79334,19314,0,,,,,,114,34,
144733,"Russian Railroads",2013,125,7.48689,7.73409,18087,0,,,,,,95,,
163412,Patchwork,2014,126,7.48678,7.59443,66798,0,5,,,20,,,,
277659,"Final Girl",2021,127,7.48664,8.28103,6713,0,,,,,,,26,
102680,Trajan,2011,128,7.48523,7.75077,17852,0,,,,,,99,,
36218,Dominion,2008,129,7.48055,7.59871,91558,0,,,,,,134,,
4098,"Age of Steam",2002,130,7.47726,7.84706,11440,0,,,,,,88,,
205896,"Rising Sun",2018,131,7.47529,7.77256,21485,0,,,,,,119,,
12,Ra,1999,132,7.47373,7.64054,26592,0,,,,,,112,,
43015,"Hansa Teutonica",2009,133,7.46983,7.7433,15807,0,,,,,,103,,
175640,"Vinhos: Deluxe Edition",2016,134,7.46583,8.08932,6995,0,,,,,,80,,
218417,"Aeon's End: War Eternal",2017,135,7.4654,8.25323,5776,0,,,,,,82,,
310100,"Nemesis: Lockdown",2022,136,7.45719,8.32349,5912,0,,,,,,,27,
233371,"Clank! In! Space!: A Deck-Building Adventure",2017,137,7.45603,7.78485,14593,0,,,,19,,113,,
198928,Iberia,2016,138,7.45468,7.88567,10951,0,,,,,,109,,
371942,"The White Castle",2023,139,7.4546,7.9779,9360,0,,,,,,102,,
175155,"Forbidden Stars",2015,140,7.45081,7.97753,9350,0,,,,,,100,,
178900,Codenames,2015,141,7.44632,7.54014,93110,0,,,,,5,,,
196340,Yokohama,2016,142,7.44355,7.80763,11776,0,,,,,,105,,
172287,"Champions of Midgard",2015,143,7.44255,7.72125,17655,0,,,,,,124,,
266524,PARKS,2019,144,7.43555,7.66354,26040,0,,,,24,,,,
281259,"The Isle of Cats",2019,145,7.43542,7.68925,22047,0,,,,22,,,,
227935,"Wonderland's War",2022,146,7.43464,8.10145,7243,0,,,,,,101,,
132531,"Roll for the Galaxy",2014,147,7.43459,7.58778,32029,0,,,,,,128,,
254640,"Just One",2018,148,7.43338,7.5994,28335,0,,,,,3,,,
30549,Pandemic,2008,149,7.42693,7.53349,126490,0,,,,31,,163,,
118048,Targi,2012,150,7.42269,7.61081,23962,0,,,,,,127,,
220877,"Rajas of the Ganges",2017,151,7.42252,7.72939,14409,0,,,,,,120,,
263918,Cartographers,2019,152,7.42244,7.59643,30166,0,,,,25,,,,
380607,"Great Western Trail: New Zealand",2023,153,7.42142,8.60203,3596,0,,,,,,64,,
304783,"Hadrian's Wall",2021,154,7.4201,7.94476,8319,0,,,,,,107,,
262712,"Res Arcana",2019,155,7.41947,7.64394,22475,0,,,,,,130,,
161970,Alchemists,2014,156,7.41593,7.6477,22996,0,,,,,,135,,
147020,"Star Realms",2014,157,7.41524,7.56085,45139,0,,,,,,149,,
274364,Watergate,2019,158,7.41446,7.76979,12151,0,,,,,,123,,
240980,"Blood on the Clocktower",2022,159,7.41088,8.32335,5830,0,,,,,1,115,,
271324,"It's a Wonderful World",2019,160,7.40999,7.66987,19402,0,,,,,,133,,
308765,"Praga Caput Regni",2020,161,7.40846,7.89663,8977,0,,,,,,110,,
189932,"Tyrants of the Underdark",2016,162,7.40572,7.90727,9304,0,,,,,,116,,
127023,Kemet,2012,163,7.4032,7.64804,19333,0,,,,,,132,,
14996,"Ticket to Ride: Europe",2005,164,7.40257,7.52766,77313,0,,,,30,,,,
268864,"Undaunted: Normandy",2019,165,7.40081,7.80029,12002,0,,,,,,,,28
463,"Magic: The Gathering",1993,166,7.39912,7.57679,40127,0,,19,,,,,,
2511,"Sherlock Holmes Consulting Detective: The Thames Murders & Other Cases",1982,167,7.3988,7.62874,21532,0,,,,,,,44,
34635,"Stone Age",2008,168,7.39878,7.52387,53073,0,,,,29,,150,,
77423,"The Lord of the Rings: The Card Game",2011,169,7.39803,7.66195,24268,0,,9,,,,,,
233398,"Endeavor: Age of Sail",2018,170,7.39776,7.88281,9466,0,,,,,,118,,
337627,Voidfall,2023,171,7.39668,8.57098,3892,0,,,,,,79,,
328871,"Terraforming Mars: Ares Expedition",2021,172,7.39447,7.6714,17727,0,,,,,,137,,
146652,"Legendary Encounters: An Alien Deck Building Game",2014,173,7.39249,7.75597,13247,0,,,,,,,38,
296151,"Viscounts of the West Kingdom",2020,174,7.38927,7.83875,9850,0,,,,,,122,,
235802,"Too Many Bones: Undertow",2018,175,7.38645,8.68391,3405,0,,,,,,84,14,
103885,"Star Wars: X-Wing Miniatures Game",2012,176,7.38616,7.63374,25065,0,,13,,,,,,62
148949,Istanbul,2014,177,7.38565,7.54217,31598,0,,,,28,,145,,
283948,"Marco Polo II: In the Service of the Khan",2019,178,7.38504,7.95742,7372,0,,,,,,111,,
265188,"Glen More II: Chronicles",2019,179,7.38466,7.89665,8349,0,,,,,,117,,
244522,"That's Pretty Clever!",2018,180,7.38218,7.57193,24818,0,,,,26,,,,
249259,"War Chest",2018,181,7.38215,7.84259,10311,0,6,,,,,,,
209418,"Dominion (Second Edition)",2016,182,7.38107,7.83673,10372,0,,,,,,139,,
329082,Radlands,2021,183,7.37805,7.83759,10791,0,,,,,,138,,
82222,"Xia: Legends of a Drift System",2014,184,7.37758,7.8547,10103,0,,,,,,129,35,
233867,"Welcome To...",2018,185,7.37708,7.53189,31369,0,,,,32,,,,
294484,"Unmatched: Cobble & Fog",2020,186,7.37634,7.97357,7768,0,,,,,,126,,
325494,"ISS Vanguard",2022,187,7.37265,8.59299,4565,0,,,,,,,23,
54043,Jaipur,2009,188,7.37187,7.48764,52262,0,,,,36,,,,
9609,"War of the Ring",2004,189,7.36057,7.77747,10726,0,,,,,,,37,20
43111,"Chaos in the Old World",2009,190,7.35981,7.66181,15696,0,,,,,,144,43,
350184,Earth,2023,191,7.35861,7.68073,14928,0,,,,,,146,,
258779,"Planet Unknown",2022,192,7.35247,7.81686,9086,0,,,,23,,131,,
390092,"Ticket to Ride Legacy: Legends of the West",2023,193,7.35102,8.73059,3002,0,,,,14,,,,
339789,"Welcome to the Moon",2021,194,7.3508,7.96152,6819,0,,,,21,,,40,
283355,Dune,2019,195,7.34964,7.94041,8967,0,,,,,,141,42,
188920,"This War of Mine: The Board Game",2017,196,7.34925,7.76978,13309,0,,,,,,,46,
10630,"Memoir '44",2004,197,7.34308,7.53363,30379,0,,,,,,,,68
104162,"Descent: Journeys in the Dark (Second Edition)",2012,198,7.34124,7.61354,25392,0,,,,,,,54,
271896,"Star Wars: Outer Rim",2019,199,7.33987,7.7322,12817,0,,,,,,,45,
227224,"The Red Cathedral",2020,200,7.33767,7.70205,12525,0,,,,,,148,,
39463,"Cosmic Encounter",2008,201,7.3372,7.521,33183,0,,,,,,183,64,
25021,"Sekigahara: The Unification of Japan",2011,202,7.33685,8.00633,6031,0,,,,,,,,6
155426,"Castles of Mad King Ludwig",2014,203,7.33453,7.51754,25996,0,,,,,,161,,
314491,Meadow,2021,204,7.33209,7.74228,10837,0,,,,27,,151,,
199561,Sagrada,2017,205,7.33201,7.47512,42017,0,11,,,44,,,,
287954,"Azul: Summer Pavilion",2019,206,7.33126,7.61594,16286,0,7,,,34,,,,
282524,Horrified,2019,207,7.32969,7.63514,16909,0,,,,40,,,53,
17133,"Railways of the World",2005,208,7.32805,7.66954,12286,0,,,,,,143,,
128882,"The Resistance: Avalon",2012,209,7.32612,7.51221,33891,0,,,,,12,,,
242302,"Space Base",2018,210,7.31947,7.54664,19617,0,,,,41,,,,
70149,"Ora et Labora",2011,211,7.31854,7.68418,11047,0,,,,,,142,,
31627,"Ticket to Ride: Nordic Countries",2007,212,7.31854,7.62534,14217,0,,,,35,,,,
103343,"A Game of Thrones: The Board Game (Second Edition)",2011,213,7.31853,7.53733,34846,0,,,,,,188,,
364011,"Great Western Trail: Argentina",2022,214,7.31502,8.33345,3906,0,,,,,,108,,
118,"Modern Art",1992,215,7.31498,7.50698,22782,0,,,,,,165,,
188,Go,-2200,216,7.31307,7.65396,17363,0,16,,,,,,,
300531,Paleo,2020,217,7.30849,7.68912,12723,0,,,,,,167,52,
14105,"Commands & Colors: Ancients",2006,218,7.30814,7.77907,8843,0,,,,,,,,19
171131,"Captain Sonar",2016,219,7.30728,7.51756,21676,0,,,,,9,,60,
123260,Suburbia,2012,220,7.30467,7.47398,25375,0,,,,,,171,,
104006,Village,2011,221,7.30237,7.49339,23431,0,,,,,,170,,
150376,"Dead of Winter: A Crossroads Game",2014,222,7.30164,7.46262,46670,0,,,,,,,69,
396790,Nucleum,2023,223,7.29887,8.19501,4622,0,,,,,,121,,
285967,"Ankh: Gods of Egypt",2021,224,7.29864,7.7945,9572,0,,,,,,152,,
148228,Splendor,2014,225,7.29686,7.4194,81351,0,,,,54,,,,
822,Carcassonne,2000,226,7.29567,7.41033,128159,0,,,,56,,,,
293014,Nidavellir,2020,227,7.29073,7.59294,13825,0,,,,43,,164,,
215,Tichu,1991,228,7.28972,7.57548,15667,0,,,,,,169,,
316377,"7 Wonders (Second Edition)",2020,229,7.2868,7.85019,8188,0,,,,38,,176,,
182631,"Star Realms: Colony Wars",2015,230,7.28482,7.79957,8234,0,,,,,,157,,
299659,"Clash of Cultures: Monumental Edition",2021,231,7.28361,8.33661,3966,0,,,,,,125,,
241451,"Aeon's End: Legacy",2019,232,7.28186,8.06071,5197,0,,,,,,136,,
91,"Paths of Glory",1999,233,7.28097,8.06425,5283,0,,,,,,,,3
245638,Coimbra,2018,234,7.28072,7.61718,12034,0,,,,,,158,,
306735,"Under Falling Skies",2020,235,7.27924,7.65159,11601,0,,,,,,174,,
195421,"Near and Far",2017,236,7.27798,7.67789,10492,0,,,,,,,50,
295486,"My City",2020,237,7.27722,7.63697,11163,0,,,,42,,168,,
126042,Nations,2013,238,7.2771,7.60258,12324,0,,,,,,160,,
7854,YINSH,2003,239,7.27626,7.70903,9134,0,3,,,,,,,
410201,Wyrmspan,2024,240,7.27542,8.08052,5800,0,,,,33,,155,,
283155,Calico,2020,241,7.27486,7.53041,19330,0,9,,,47,,,,
21050,"Combat Commander: Europe",2006,242,7.27462,7.95321,5950,0,,,,,,,,10
9209,"Ticket to Ride",2004,243,7.27259,7.39191,90624,0,,,,59,,,,
374173,"Star Wars: The Deckbuilding Game",2023,244,7.27222,7.89657,6983,0,,,,39,,162,,
54998,Cyclades,2009,245,7.27002,7.50789,21703,0,,,,,,190,,
269207,"The Taverns of Tiefenthal",2019,246,7.26873,7.57485,14576,0,,,,46,,181,,
221194,"Dinosaur Island",2017,247,7.26771,7.56238,16192,0,,,,,,187,,
188834,"Secret Hitler",2016,248,7.26466,7.50615,29532,0,,,,,19,,,
146886,"La Granja",2014,249,7.26032,7.60628,11225,0,,,,,,166,,
256680,"Return to Dark Tower",2022,250,7.25999,8.27335,4435,0,,,,,,,31,
224037,"Codenames: Duet",2017,251,7.25798,7.4329,23495,0,,,,52,,,,
165722,KLASK,2014,252,7.257,7.6333,10534,0,,,,45,6,,,
129437,"Legendary: A Marvel Deck Building Game",2012,253,7.25013,7.53009,22711,0,,,,,,,75,
232832,"Century: Golem Edition",2017,254,7.24886,7.594,12495,0,,,,49,,202,,
158600,Hanamikoji,2013,255,7.24558,7.47826,18796,0,,,,55,,,,
223040,"Fantasy Realms",2017,256,7.24545,7.51614,15549,0,,,,51,,,,
156129,"Deception: Murder in Hong Kong",2014,257,7.24466,7.4451,22903,0,,,,,11,,,
274637,"Unmatched: Battle of Legends, Volume One",2019,258,7.2415,7.73167,9245,0,,,,,,195,,
176189,"Zombicide: Black Plague",2015,259,7.24105,7.61168,16322,0,,,,,,,66,
318977,"MicroMacro: Crime City",2020,260,7.24057,7.49649,16225,0,,,,53,,,,
260605,"Camel Up (Second Edition)",2018,261,7.23989,7.57492,13281,0,,,,50,8,,,
192291,"Sushi Go Party!",2016,262,7.2367,7.39151,35538,0,,,,61,,,,
300322,Hallertau,2020,263,7.23571,7.87888,5957,0,,,,,,153,,
199478,"Flamme Rouge",2016,264,7.23528,7.49001,18195,0,,,,58,,,,
169426,"Roll Player",2016,265,7.23501,7.44358,20715,0,,,,,,212,,
555,"The Princes of Florence",2000,266,7.23246,7.50491,15602,0,,,,,,189,,
176494,"Isle of Skye: From Chieftain to King",2015,267,7.23174,7.39791,25657,0,,,,60,,214,,
109276,"Kanban: Driver's Edition",2014,268,7.22709,7.78621,6883,0,,,,,,159,,
224783,Vindication,2018,269,7.22641,7.79065,7447,0,,,,,,173,,
19857,"Glory to Rome",2005,270,7.22596,7.4897,14356,0,,,,,,197,,
3,Samurai,1998,271,7.22586,7.47099,16420,0,,,,,,203,,
332686,"John Company: Second Edition",2022,272,7.22565,8.31248,3668,0,,,,,,140,39,
194655,Santorini,2016,273,7.2216,7.35838,39081,0,17,,,,,,,
228341,"Pulsar 2849",2017,274,7.22114,7.65917,8950,0,,,,,,177,,
9216,"Goa: A New Expedition",2004,275,7.22039,7.55684,11536,0,,,,,,185,,
286096,Tapestry,2019,276,7.21976,7.4497,20605,0,,,,,,219,,
198994,"Hero Realms",2016,277,7.21948,7.51382,18293,0,,,,,,229,,
421,"1830: Railways & Robber Barons",1986,278,7.21916,7.87034,5679,0,,,,,,156,,
223321,"Detective: A Modern Crime Board Game",2018,279,7.21619,7.65316,10684,0,,,,,,,59,
414317,Harmonies,2024,280,7.216,8.10517,4885,0,4,,,37,,,,
232405,"Western Legends",2018,281,7.21597,7.60839,11408,0,,,,,,,58,
20551,Shogun,2006,282,7.21288,7.51389,14130,0,,,,,,207,,
31481,"Galaxy Trucker",2007,283,7.21101,7.34242,34362,0,,,,,,,85,
305096,"Endless Winter: Paleoamericans",2022,284,7.20962,7.72264,8296,0,,,,,,184,,
128621,Viticulture,2013,285,7.20566,7.49216,14094,0,,,,,,213,,
239188,"Chronicles of Crime",2018,286,7.20532,7.58045,22839,0,,,,,,,76,
27708,"1960: The Making of the President",2007,287,7.20476,7.6215,9330,0,,,,,,194,,
311193,"Anno 1800: The Board Game",2020,288,7.20076,7.71978,7398,0,,,,,,180,,
140620,"Lewis & Clark: The Expedition",2013,289,7.19858,7.44765,15715,0,,,,,,215,,
27833,Steam,2009,290,7.19356,7.55098,10261,0,,,,,,198,,
156546,Monikers,2015,291,7.19083,7.78437,6374,0,,,,,4,,,
127060,"Bora Bora",2013,292,7.18958,7.55567,10297,0,,,,,,201,,
204583,Kingdomino,2016,293,7.18943,7.30624,48131,0,,,,69,,,,
284653,"Mind MGMT: The Psychic Espionage “Game.”",2021,294,7.18871,7.91853,5318,0,,,,,,175,,
323612,Bitoku,2021,295,7.18827,7.83905,6213,0,,,,,,186,,
291572,Oath,2021,296,7.18812,7.79464,7584,0,,,,,,211,82,
338960,"Slay the Spire: The Board Game",2024,297,7.18757,8.82737,2754,0,,,,,,147,,
146508,"T.I.M.E Stories",2015,298,7.18635,7.37916,27817,0,,,,,,,83,
760,"Battle Line",2000,299,7.18426,7.41314,17597,0,,,,,,234,,
298047,"Marvel United",2020,300,7.18423,7.57957,10967,0,,,,62,,,,
302723,"Forgotten Waters",2020,301,7.18166,7.81507,6162,0,,,,,,,47,
144344,Rococo,2013,302,7.17932,7.58219,9082,0,,,,,,200,,
2655,Hive,2001,303,7.17827,7.32175,37559,0,20,,,,,,,
297562,"Kemet: Blood and Sand",2021,304,7.17665,7.97815,4831,0,,,,,,179,,
230253,"Star Realms: Frontiers",2018,305,7.17608,7.93389,5298,0,,,,,,199,,
244271,"Dice Throne: Season Two – Battle Chest",2018,306,7.17552,8.06482,4679,0,,,,48,,,,
246784,Cryptid,2018,307,7.17473,7.44276,14851,0,,,,63,,235,,
155068,"Arcadia Quest",2014,308,7.17405,7.60633,10496,0,,,,,,,63,
139976,"Cthulhu Wars",2015,309,7.17295,7.86236,6246,0,,,,,,205,48,
359609,"Arkham Horror: The Card Game (Revised Edition)",2021,310,7.17181,8.64311,2769,0,,2,,,,,,
206718,Ethnos,2017,311,7.17146,7.4582,13640,0,,,,,,224,,
92828,"Dixit: Odyssey",2011,312,7.17107,7.39765,21280,0,,,,,16,,,
108745,Seasons,2012,313,7.1702,7.34858,25237,0,,,,,,244,,
351913,Tiletum,2022,314,7.1693,7.916,5135,0,,,,,,178,,
176734,"The Manhattan Project: Energy Empire",2016,315,7.16305,7.74353,6221,0,,,,,,193,,
295374,"Long Shot: The Dice Game",2022,316,7.16302,7.62642,7995,0,,,,57,,,,
24181,Imperial,2006,317,7.15867,7.59627,8821,0,,,,,,210,,
270633,"Aeon's End: The New Age",2019,318,7.15823,8.51758,2777,0,,,,,,154,,
150145,"Skull King",2013,319,7.15568,7.5318,10693,0,,,,64,,,,
19777,Indonesia,2005,320,7.15443,7.87565,4732,0,,,,,,172,,
66589,Navegador,2010,321,7.15374,7.53708,9295,0,,,,,,216,,
329839,"So Clover!",2021,322,7.15327,7.57886,8374,0,,,,,7,,,
160477,Onitama,2014,323,7.15167,7.34981,22534,0,22,,,,,,,
46213,Telestrations,2009,324,7.1503,7.37821,18499,0,,,,,18,,,
97207,"Dungeon Petz",2011,325,7.14972,7.39964,15003,0,,,,,,240,84,
155873,"Power Grid Deluxe: Europe/North America",2014,326,7.14432,7.95025,4453,0,,,,,,182,,
257499,"Arkham Horror (Third Edition)",2018,327,7.14314,7.69026,9505,0,,,,,,,72,
356123,"Turing Machine",2022,328,7.14286,7.6932,7056,0,,,,,,228,,
38453,"Space Alert",2008,329,7.14048,7.39024,16145,0,,,,,,,94,
22545,"Age of Empires III: The Age of Discovery",2007,330,7.13975,7.50945,10324,0,,,,,,232,,
50,"Lost Cities",1999,331,7.13782,7.24169,46966,0,,,,80,,,,
143693,"Glass Road",2013,332,7.13538,7.43636,11790,0,,,,,,238,,
245655,"The King's Dilemma",2019,333,7.13419,7.75032,6107,0,,,,,,,56,
172,"For Sale",1997,334,7.13406,7.25853,31360,0,,,,79,,,,
318184,"Imperium: Classics",2021,335,7.13356,7.70435,6916,0,,,,,,222,,
154203,"Imperial Settlers",2014,336,7.1331,7.31477,24511,0,,,,,,263,,
187617,"Nemo's War (Second Edition)",2017,337,7.13175,7.82811,5372,0,,,,,,,51,
345972,"Cat in the Box: Deluxe Edition",2022,338,7.12923,7.55453,8508,0,,,,65,,,,
181279,"Fury of Dracula (Third/Fourth Edition)",2015,339,7.12863,7.42307,14698,0,,,,,,,89,
2653,"Survive: Escape from Atlantis!",1982,340,7.12855,7.317,26271,0,,,,82,,,,
111341,"The Great Zimbabwe",2012,341,7.12737,7.83184,4889,0,,,,,,192,,
129622,"Love Letter",2012,342,7.12649,7.22557,68122,0,,,,94,,,,
319966,"The King Is Dead: Second Edition",2020,343,7.1258,7.63751,7109,0,,,,,,223,,75
5,Acquire,1963,344,7.12498,7.34486,20662,0,,,,,,269,,
93260,"Summoner Wars: Master Set",2011,345,7.12486,7.48141,11033,0,,21,,,,253,,
54,Tikal,1999,346,7.12478,7.32723,20345,0,,,,,,258,,
285192,Destinies,2021,347,7.12369,7.7252,8605,0,,,,,,,73,
209685,"Century: Spice Road",2017,348,7.12149,7.30336,25682,0,,,,83,,,,
54138,"Imperial 2030",2009,349,7.12106,7.64432,6909,0,,,,,,220,,
136888,Bruges,2013,350,7.12003,7.42667,11769,0,,,,,,242,,
184921,"Bunny Kingdom",2017,351,7.11979,7.42593,13143,0,,,,71,,,,
277085,"Love Letter",2019,352,7.11952,7.51729,10541,0,,,,72,17,,,
188866,"Awkward Guests: The Walton Case",2016,353,7.11862,7.57729,8376,0,,,,68,,,,
227789,"Heaven & Ale",2017,354,7.11808,7.53556,8623,0,,,,,,237,,
262211,Cloudspire,2019,355,7.11709,8.17715,3700,0,,,,,,196,,
284189,"Foundations of Rome",2022,356,7.11693,8.05418,3971,0,,,,,,206,,
163967,"Tiny Epic Galaxies",2015,357,7.1158,7.33317,20814,0,,,,,,289,,
59294,Runewars,2010,358,7.11427,7.60708,8405,0,,,,,,243,70,
48726,"Alien Frontiers",2010,359,7.11368,7.35558,15290,0,,,,,,256,,
391163,"Forest Shuffle",2023,360,7.11251,7.63068,7428,0,,,,67,,239,,
203420,"Exit: The Game – The Abandoned Cabin",2016,361,7.11106,7.42352,11526,0,,,,,,,78,
295895,Distilled,2023,362,7.11052,7.85339,5165,0,,,,,,218,,
47,Chinatown,1999,363,7.10822,7.43201,11518,0,,,,74,,254,,
172081,"Burgle Bros.",2015,364,7.10496,7.43173,11591,0,,,,78,,,101,
234277,Nusfjord,2017,365,7.10408,7.63953,6477,0,,,,,,227,,
172818,"Above and Below",2015,366,7.10407,7.36416,16238,0,,,,,,,114,
40692,"Small World",2009,367,7.10358,7.20617,71675,0,,,,100,,317,,
331106,"The Witcher: Old World",2023,368,7.10261,7.99062,6108,0,,,,,,,79,
367220,"Sea Salt & Paper",2022,369,7.10123,7.48465,10531,0,,,,73,,,,
140934,Arboretum,2015,370,7.10119,7.28918,21007,0,,,,88,,,,
304420,Bonfire,2020,371,7.10116,7.65048,6620,0,,,,,,233,,
332800,"Summoner Wars (Second Edition)",2021,372,7.09994,8.11615,3791,0,,5,,,,209,,
25292,"Merchants & Marauders",2010,373,7.09934,7.39512,14316,0,,,,,,,102,
193037,"Dead of Winter: The Long Night",2016,374,7.0992,7.52346,10005,0,,,,,,,87,
21241,"Neuroshima Hex! 3.0",2006,375,7.09778,7.39078,15148,0,,,,,,285,,
301880,"Raiders of Scythia",2020,376,7.09726,7.74835,5708,0,,,,,,236,,
297030,"Tekhenu: Obelisk of the Sun",2020,377,7.09639,7.70567,5891,0,,,,,,225,,
63888,Innovation,2010,378,7.09589,7.3017,18727,0,,,,,,278,,
336986,Flamecraft,2022,379,7.09561,7.43,14698,0,,,,91,,315,,
13122,Antiquity,2004,380,7.09515,7.8375,4494,0,,,,,,204,,
260180,"Project L",2020,381,7.09509,7.48686,9921,0,13,,,76,,,,
176920,"Mission: Red Planet (Second Edition)",2015,382,7.09296,7.40438,11598,0,,,,,,262,,
77130,"Sid Meier's Civilization: The Board Game",2010,383,7.09212,7.37762,15966,0,,,,,,280,,
219513,Bärenpark,2017,384,7.09198,7.2945,19180,0,,,,89,,,,
350316,"Wayfarers of the South Tigris",2022,385,7.08991,7.8286,4799,0,,,,,,221,,
59959,"Letters from Whitechapel",2011,386,7.08982,7.34668,16193,0,,,,,,292,118,
45315,"Dungeon Lords",2009,387,7.08945,7.35576,13983,0,,,,,,271,,
318084,Furnace,2020,388,7.08776,7.41553,11006,0,,,,,,259,,
246192,Gizmos,2018,389,7.0876,7.38175,12971,0,,,,81,,,,
146439,"BattleLore: Second Edition",2013,390,7.08669,7.67917,6407,0,,,,,,,61,64
39856,Dixit,2008,391,7.08633,7.19822,65294,0,,,,,25,,,
202426,"Sidereal Confluence",2017,392,7.08044,7.78009,5137,0,,,,,,226,,
199042,"Harry Potter: Hogwarts Battle",2016,393,7.08042,7.36659,19545,0,,,,101,,,135,
70919,Takenoko,2011,394,7.0781,7.21244,45033,0,,,,104,,,,
359871,Arcs,2024,395,7.07725,8.33305,3208,0,,,,,,208,,44
128271,Ginkgopolis,2012,396,7.07637,7.49419,8065,0,,,,,,245,,
181304,Mysterium,2015,397,7.0757,7.21406,44540,0,,,,109,,,133,
222509,"Lords of Hellas",2018,398,7.07493,7.65422,7360,0,,,,,,257,,
37046,"Ghost Stories",2008,399,7.07357,7.26834,21376,0,,,,,,307,,
345584,"Mindbug: First Contact",2022,400,7.07123,7.68733,6428,0,,,,75,,268,,
192458,"51st State: Master Set",2016,401,7.07031,7.59454,6958,0,,,,,,247,,
119890,"Agricola: All Creatures Big and Small",2012,402,7.06941,7.33229,13812,0,,,,,,291,,
41114,"The Resistance",2009,403,7.06935,7.21143,41056,0,,,,,32,,,
163745,"Star Wars: Armada",2015,404,7.06844,7.81892,5501,0,,,,,,,65,54
234,"Hannibal: Rome vs. Carthage",1996,405,7.06704,7.7806,5025,0,,,,,,,,21
336382,"Marvel United: X-Men",2021,406,7.06644,8.05307,3706,0,,,,66,,,,
8217,"San Juan",2004,407,7.06598,7.23217,23864,0,,,,,,306,,
155987,Abyss,2014,408,7.06508,7.32652,15123,0,,,,,,298,,
245934,"Carpe Diem",2018,409,7.06419,7.51065,7849,0,,,,,,255,,
90137,"Blood Bowl: Team Manager – The Card Game",2011,410,7.06304,7.3941,11469,0,,,,,,,104,
234487,Altiplano,2017,411,7.06243,7.45979,9173,0,,,,,,265,,
40354,Maria,2009,412,7.06092,7.98601,3670,0,,,,,,,,14
400314,Apiary,2023,413,7.06085,7.83063,4760,0,,,,,,241,,
274638,"Unmatched: Robin Hood vs. Bigfoot",2019,414,7.0604,7.93296,4236,0,,,,,,248,,
244711,Newton,2018,415,7.06022,7.54025,7176,0,,,,,,251,,
247367,"Air, Land & Sea",2019,416,7.05746,7.46899,8502,0,,,,,,276,,
246684,"Smartphone Inc.",2018,417,7.05334,7.58337,6363,0,,,,,,252,,
260428,"Fall of Rome",2018,418,7.05285,7.61918,6315,0,,,,,,260,,
25554,"Notre Dame",2007,419,7.05231,7.31285,13418,0,,,,,,288,,
372,"Schotten Totten",1999,420,7.05219,7.35344,11835,0,,,,92,,,,
24480,"The Pillars of the Earth",2006,421,7.05116,7.26184,17949,0,,,,,,303,,
101721,"Mage Wars Arena",2012,422,7.05072,7.5756,7901,0,,16,,,,,,
269210,"Twice as Clever!",2019,423,7.05013,7.43751,9076,0,,,,84,,,,
276182,"Dead Reckoning",2022,424,7.04892,8.18647,3115,0,,,,,,217,,
250458,Gùgōng,2018,425,7.04864,7.44047,9003,0,,,,,,273,,
39683,"At the Gates of Loyang",2009,426,7.04657,7.35654,11240,0,,,,,,286,,
308119,"Pax Renaissance: 2nd Edition",2021,427,7.0441,8.47986,2409,0,,,,,,191,,
195539,"The Godfather: Corleone's Empire",2017,428,7.0423,7.52527,7767,0,,,,,,282,,
9217,"Saint Petersburg",2004,429,7.04114,7.27074,16098,0,,,,,,305,,
311988,"Frostpunk: The Board Game",2022,430,7.03718,8.24024,3306,0,,,,,,231,49,
350933,"The Guild of Merchant Explorers",2022,431,7.03287,7.70445,4880,0,,,,70,,249,,
1,"Die Macher",1986,432,7.03152,7.59288,5817,0,,,,,,250,,
215311,Downforce,2017,433,7.03034,7.28954,13989,0,,,,102,,,,
70323,"King of Tokyo",2011,434,7.02911,7.13089,71248,0,,,,124,,,,
15987,"Arkham Horror",2005,435,7.0283,7.23915,39591,0,,,,,,,144,
370591,"Dorfromantik: The Board Game",2022,436,7.0274,7.64971,5874,0,,,,85,,,,
33160,Endeavor,2009,437,7.0261,7.3755,9558,0,,,,,,290,,
258210,"Blitzkrieg!: World War Two in 20 Minutes",2019,438,7.02561,7.5919,5857,0,,,,,,267,,69
21348,"Ticket to Ride: Märklin",2006,439,7.0245,7.41059,9213,0,,,,96,,304,,
31594,"In the Year of the Dragon",2007,440,7.02355,7.29847,12148,0,,,,,,302,,
265736,"Tiny Towns",2019,441,7.02123,7.22201,19685,0,,,,112,,,,
194594,"Dice Forge",2017,442,7.02065,7.22679,22215,0,,,,116,,,,
92415,Skull,2011,443,7.02063,7.19,24182,0,,,,,30,,,
182134,"Evolution: Climate",2016,444,7.01991,7.48334,8086,0,,,,,,310,,
236191,"London (Second Edition)",2017,445,7.01979,7.50091,7022,0,,,,,,281,,
284742,"Honey Buzz",2020,446,7.017,7.56694,6532,0,,,,87,,297,,
144592,"Bruxelles 1893",2013,447,7.01633,7.60441,5592,0,,,,,,261,,
256226,"Azul: Stained Glass of Sintra",2018,448,7.01617,7.30525,13646,0,21,,,106,,,,
17392,"Here I Stand",2006,449,7.01612,7.88075,3920,0,,,,,,,,18
298069,Cubitos,2021,450,7.01536,7.41187,8910,0,,,,99,,,,
166669,"San Juan (Second Edition)",2014,451,7.01381,7.45014,7445,0,,,,,,293,,
171,Chess,1475,452,7.01352,7.21298,36938,0,52,,,,,,,
186751,"Mythic Battles: Pantheon",2017,453,7.01221,8.32043,3285,0,,,,,,266,,38
379078,Expeditions,2023,454,7.01216,7.66629,5645,0,,,,,,287,,
177478,IKI,2015,455,7.01215,7.64238,5431,0,,,,,,272,,
198773,"Codenames: Pictures",2016,456,7.0111,7.18545,22942,0,,,,,28,,,
293141,"King of Tokyo: Dark Edition",2020,457,7.0109,7.68303,5421,0,,,,90,,,,
71,Civilization,1980,458,7.00965,7.49239,7546,0,,,,,,311,,
128671,"Spartacus: A Game of Blood and Treachery",2012,459,7.00933,7.4657,8960,0,,,,,,,119,
138161,"Firefly: The Game",2013,460,7.00808,7.38812,12121,0,,,,,,,126,
343905,Boonlake,2021,461,7.0077,7.65825,5076,0,,,,,,264,,
322708,"Descent: Legends of the Dark",2021,462,7.00723,7.94451,4827,0,,,,,,,71,
34219,Biblios,2007,463,7.00543,7.19972,17765,0,,,,115,,334,,
357563,Akropolis,2022,464,7.00414,7.48829,7284,0,14,,,93,,,,
170771,"Sword & Sorcery",2017,465,7.0034,7.8924,5036,0,,,,,,,68,
262543,Wavelength,2019,466,7.00281,7.26631,13894,0,,,,,21,,,
315767,"Cartographers Heroes",2021,467,7.00272,7.7538,4490,0,,,,77,,283,,
204305,"Sherlock Holmes Consulting Detective: Jack the Ripper & West End Adventures",2016,468,7.00145,7.58695,6058,0,,,,,,,91,
349067,"The Lord of the Rings: The Card Game – Revised Core Set",2022,469,7.00141,8.48516,2547,0,,6,,,,,,
229220,"Santa Maria",2017,470,7.00089,7.47547,6997,0,,,,,,294,,
251658,Sprawlopolis,2018,471,6.9978,7.31542,10914,0,,,,110,,330,,
54625,"Space Hulk (Third Edition)",2009,472,6.99658,7.53099,7144,0,,,,,,,93,
342810,Marrakesh,2022,473,6.99576,8.1628,2787,0,,,,,,230,,
40765,"Clash of Cultures",2012,474,6.99469,7.5713,5810,0,,,,,,284,,
66188,Fresco,2010,475,6.9941,7.24958,13213,0,,,,113,,328,,
154809,Nippon,2015,476,6.99357,7.63261,4967,0,,,,,,270,,
151347,"Millennium Blades",2016,477,6.99031,7.66396,5140,0,,,,,,,86,
55670,Macao,2009,478,6.99016,7.4071,7503,0,,,,,,301,,
303057,"Pan Am",2020,479,6.98999,7.5403,6325,0,,,,,,312,,
215341,"Thunderstone Quest",2018,480,6.98949,7.76315,4492,0,,,,,,275,,
161614,Stockpile,2015,481,6.98948,7.44645,7240,0,,,,,,308,,
206480,"Imperial Struggle",2020,482,6.98936,8.25255,2787,0,,,,,,246,,5
100901,"Flash Point: Fire Rescue",2011,483,6.98704,7.15525,24383,0,,,,128,,,145,
121,Dune,1979,484,6.98664,7.59241,5897,0,,,,,,314,99,
292375,"The Great Wall",2021,485,6.98449,7.85616,4280,0,,,,,,277,,
36932,Claustrophobia,2009,486,6.9844,7.47039,7065,0,,,,,,,108,
124708,"Mice and Mystics",2012,487,6.98398,7.22681,19681,0,,,,,,,140,
243,"Advanced Squad Leader",1985,488,6.98396,8.01276,3858,0,,,,,,,,16
27162,Kingsburg,2007,489,6.9834,7.17202,19751,0,,,,122,,348,,
264241,Mandala,2019,490,6.98181,7.49951,6212,0,10,,,97,,,,
342070,"Thunder Road: Vendetta",2023,491,6.98164,7.96497,3385,0,,,,86,,,74,
63628,"The Manhattan Project",2012,492,6.98065,7.32131,9942,0,,,,,,329,,
62222,"Commands & Colors: Napoleonics",2010,493,6.98002,8.04331,3274,0,,,,,,,,12
351040,"Ready Set Bet",2022,494,6.97857,7.58177,5404,0,,,,,13,,,
318182,"Imperium: Legends",2021,495,6.97688,7.85649,3868,0,,,,,,274,,
18833,"Lord of the Rings: The Confrontation",2005,496,6.97586,7.49161,6457,0,,,,,,313,,
150,PitchCar,1995,497,6.97585,7.26711,11093,0,,,,117,23,,,
156858,"Black Orchestra",2016,498,6.97408,7.49873,6567,0,,,,,,,109,
192153,"Reign of Cthulhu",2016,499,6.97145,7.3628,10376,0,,,,,,374,131,
11170,"Heroscape Master Set: Rise of the Valkyrie",2004,500,6.97118,7.44992,8287,0,,30,,,,,120,
